1,2,3,4,5,6,7,8,9,10,11,12,13,14,15,16,17,18,19,20,21,22
./hokkaido.topojson,./aomori.topojson,./akita.topojson,./yamagata.topojson,./ibaraki.topojson,./tochigi.topojson,./chiba.topojson,./niigata.topojson,./toyama.topojson,./ishikawa.topojson,./yamanashi.topojson,./nagano.topojson,./shizuoka.topojson,./aichi.topojson,./osaka.topojson,./hyogo.topojson,./tottori.topojson,./hiroshima.topojson,./tokushima.topojson,./kochi.topojson,./saga.topojson,./oita.topojson
1,2,3,4,5,6,7,8,9,10,11,12,13,14,15,16,17,18,19,20,21,22


1
0
0
0
0
0
0
25
